mail;nom;prenom;date_naissance
leo@primisinfaucibus.edu;Wood;Nyssa;13/06/1972
Fusce@dignissim.net;Spears;Jackson;12/07/2003
ultrices@inconsequat.co.uk;Burch;Karleigh;27/03/1993
ipsum@dignissimpharetraNam.co.uk;Ashley;Zachary;04/02/1992
id.enim.Curabitur@cursusdiam.co.uk;Mccarty;Bell;05/12/1981
tellus.lorem.eu@convallis.co.uk;Church;Uma;30/09/1998
Suspendisse@malesuadavelvenenatis.net;Nash;Gareth;12/03/1993
amet.risus.Donec@sitamet.ca;Franco;Sandra;22/01/1999
Curabitur@facilisisvitaeorci.com;Knox;Erin;05/01/1999
erat@risus.com;Russell;Octavia;18/02/1977
vitae.orci.Phasellus@auctor.ca;Green;Demetria;15/08/1978
lacus.Quisque@non.org;Freeman;Ina;17/03/1983
Etiam.gravida@pharetranibh.org;Nieves;Brendan;11/02/1991
ullamcorper@quamelementum.org;Silva;Logan;05/09/1994
purus.in@vehiculaPellentesquetincidunt.net;Lynn;Jesse;08/04/1999
ut.pharetra@dictum.ca;Mullen;Fuller;14/02/1971
Nullam@adipiscingelit.com;Adams;Melinda;30/08/1991
mollis.Integer.tincidunt@tinciduntduiaugue.net;Shelton;Fuller;04/06/2003
mi.lorem.vehicula@nullaCras.co.uk;Orr;Chantale;06/07/1979
Nunc.lectus.pede@liberomaurisaliquam.ca;Velasquez;Hiram;20/05/1973
Aenean@malesuadaiderat.com;Shaw;Zorita;04/05/1988
Pellentesque.habitant.morbi@nibhenim.edu;Baker;Hyacinth;07/05/1984
libero@molestie.co.uk;Bridges;Karly;19/11/1987
augue.Sed.molestie@magna.edu;Thompson;Lacey;31/12/1998
ultrices@rutrumloremac.net;Gillespie;Amir;08/06/1975
Vivamus.rhoncus.Donec@nonduinec.com;Alvarado;Adrian;26/07/1971
posuere.vulputate@Phasellus.co.uk;Floyd;Illiana;01/03/1996
a.enim.Suspendisse@iaculisodio.co.uk;Reese;Tatyana;14/11/1998
Morbi@porttitorscelerisque.edu;Dotson;Diana;27/03/1997
sed.leo.Cras@miloremvehicula.co.uk;Hale;Shoshana;20/08/1976
Morbi.vehicula.Pellentesque@ut.com;Watts;Isabella;02/05/1986
in.sodales.elit@ridiculusmus.com;Monroe;Leandra;14/01/2000
vehicula.Pellentesque@malesuadafamesac.ca;Russo;Colette;22/11/1972
ac@auctor.co.uk;Mcneil;Ora;18/12/1974
dui.lectus.rutrum@egetvenenatis.co.uk;Turner;Beau;01/08/1973
Curae@eu.ca;Chaney;Taylor;05/12/2001
Mauris.magna.Duis@metuseu.co.uk;Atkins;Anjolie;30/09/1970
Praesent.interdum@ornarelectus.org;Briggs;Shafira;01/02/1992
sed.est.Nunc@ornareegestas.org;Day;Jolie;10/12/1974
ornare.Fusce.mollis@mauris.edu;Jefferson;Latifah;18/05/1982
malesuada@fringilla.org;Rasmussen;Eve;11/12/1997
magna.a.neque@nisiMauris.edu;Mathis;Darrel;06/07/1996
Lorem.ipsum.dolor@orcisem.org;Barrett;Aretha;05/11/1979
varius.orci.in@aceleifend.co.uk;Haynes;Leslie;31/01/1995
a.felis@neccursusa.com;Johnson;Amelia;10/11/1985
est@feugiat.edu;Brady;Maite;06/02/1982
sit@arcu.org;Gonzalez;Chloe;16/04/2004
ridiculus.mus.Proin@Namconsequatdolor.org;Decker;Justin;01/09/1984
rhoncus@pedenonummy.ca;Tyson;Clinton;27/01/1992
aliquam@ametultriciessem.com;Hebert;Benedict;23/02/1971
Donec@Aliquamornarelibero.edu;Little;Kadeem;08/01/1978
pede.malesuada.vel@ultricies.ca;David;Leilani;21/11/1993
ac@ultrices.co.uk;Velasquez;Claire;19/07/1979
turpis.Nulla@auctorvitaealiquet.ca;Riley;Naomi;05/01/1978
mattis.Integer.eu@sedpede.co.uk;Sanford;Walter;29/10/1989
a.sollicitudin.orci@id.net;Moon;Zane;07/12/1986
libero@id.co.uk;Hodges;Jennifer;21/08/2001
eget.tincidunt.dui@mus.ca;Dudley;Tate;22/03/1996
Mauris.ut@suscipitnonummy.org;Alexander;Bruce;26/11/1996
nibh.Donec.est@vel.ca;Rojas;Christian;04/11/1999
amet.nulla.Donec@magnaa.ca;Mcintyre;Grant;15/08/1991
iaculis.enim.sit@Morbineque.edu;Patel;Hayden;11/12/1987
non@pedeCum.org;Walsh;Brenda;08/05/1997
nec@loremtristiquealiquet.ca;Bradshaw;Allen;19/10/1982
egestas@faucibusidlibero.org;Todd;Noble;17/11/1974
Nulla@loremvehicula.co.uk;Frederick;Iola;28/04/1977
sem@nequetellusimperdiet.org;Rhodes;Brody;16/04/1975
diam.at@eleifend.edu;Snyder;Grady;06/01/1992
quis@semperrutrum.edu;Cline;Savannah;14/07/1973
mi.lacinia@orci.org;Olson;Ivy;27/10/1975
egestas.rhoncus@dictumultricies.net;Lowe;Harper;17/12/2004
non.bibendum@Praesentinterdum.edu;Bryan;Kimberly;17/11/1984
Duis.gravida.Praesent@at.co.uk;Greer;Fritz;05/10/1971
malesuada.ut@acorciUt.edu;Morrison;Victoria;02/09/1993
magna.Sed.eu@tempordiam.com;Moreno;Florence;11/04/1985
Mauris.non@lectusasollicitudin.com;Herrera;Jamalia;16/09/1977
diam@purusmaurisa.co.uk;Faulkner;Ava;23/02/2000
mollis@posuerevulputate.edu;Marsh;Amena;08/05/1982
id.sapien.Cras@eu.edu;Small;Risa;30/07/1978
libero.at.auctor@interdum.ca;Stephens;Robert;31/03/1978
nascetur@gravidasitamet.co.uk;Hester;Lesley;07/01/1977
sed.hendrerit@gravidanonsollicitudin.edu;Delacruz;Bianca;17/02/1978
faucibus@erosturpisnon.ca;Holden;Blossom;07/01/1988
vitae.risus.Duis@non.org;Maynard;Karyn;23/02/1994
et@fermentum.com;Deleon;Rebekah;24/11/1994
ultrices.a.auctor@ridiculusmus.co.uk;Tyler;Rae;01/10/1970
litora.torquent@anteMaecenasmi.ca;Munoz;Idola;19/10/2000
Lorem@Maecenas.edu;Tate;Piper;16/07/1974
amet@Vivamusnibh.org;Ingram;Jaime;22/06/1990
in.tempus@nullaat.co.uk;Lott;Ray;14/12/1989
Phasellus@cursus.com;Mcgee;Sawyer;25/08/1982
eu.accumsan.sed@pedenonummyut.edu;Rush;Abraham;21/04/1984
ante@tortor.net;Riggs;Oprah;25/10/2002
blandit.viverra@velitegestaslacinia.edu;Kerr;Lev;04/06/1977
Curabitur.sed.tortor@eratVivamusnisi.net;Bond;Shoshana;25/09/1975
velit@justonec.ca;Yang;Willa;25/06/1986
purus.gravida.sagittis@ligulaeu.com;Meadows;Jesse;17/01/2000
velit.Quisque.varius@feugiattelluslorem.com;Bray;Renee;08/12/1989
hendrerit.neque.In@nislelementum.ca;Curry;Quincy;25/09/1973
tincidunt.pede@dignissimpharetraNam.co.uk;Hamilton;Madeline;27/05/2001