"leo@primisinfaucibus.edu";"13 rue de Saint-Simon, 75007, Paris";
"Nullam@adipiscingelit.com";"67 rue de Bellechasse, 94140, Alfortville";
"Nunc.lectus.pede@liberomaurisaliquam.ca";"21 rue de Oudinot, 75007, Paris";
"Vivamus.rhoncus.Donec@nonduinec.com";"9 rue de Bourgogne, 88500, Avillers";
"augue.Sed.molestie@magna.edu";"29 rue de l'Université, 66120, Egat";
"tincidunt.pede@dignissimpharetraNam.co.uk";"4 rue de Paris, 75009, Paris";
"id.enim.Curabitur@cursusdiam.co.uk";"90 rue Paul-Vaillant, 16150, Chirac";
"tellus.lorem.eu@convallis.co.uk";"32 rue du Bac, 45234, Orléans";
"lacus.Quisque@non.org";"46 rue de Coulmier, 75013, Paris";
"pede.malesuada.vel@ultricies.ca";"11 rue de Seine, 33000, Bordeaux";
"leo@primisinfaucibus.edu";"79 rue Thomas Mann, 31000, Toulouse";"4 rue de Paris, 75009, Paris"
"id.enim.Curabitur@cursusdiam.co.uk";"76 rue du four, 75018, Paris";
"lacus.Quisque@non.org";"92 rue de Rennes, 94230, Cachan";
"pede.malesuada.vel@ultricies.ca";"34 boulevard des Invalides, 75001, Paris";
"ac@ultrices.co.uk";"77 rue de l'Emmental, 94220, Charenton";
"mattis.Integer.eu@sedpede.co.uk";"102 rue du Pain, 94600, Choisy-le-Roy";
"leo@primisinfaucibus.edu";"114 rue de Rochechouart, 75006, Paris";
"mattis.Integer.eu@sedpede.co.uk";"120 rue Vaneau, 94000, Créteil";
"a.sollicitudin.orci@id.net";"40 rue du Paradis, 94200, Ivry-sur-Seine";"10 rue de Paris, 75009, Paris"
"Nullam@adipiscingelit.com";"33 rue de la Liberté, 75015, Paris";
"Vivamus.rhoncus.Donec@nonduinec.com";"65 rue de Lille, 31000, Toulouse";
"pede.malesuada.vel@ultricies.ca";"23 rue de Carcassone, 94340, Jointville-le-Pont";
"eget.tincidunt.dui@mus.ca";"46 rue de Varennes, 94170, Leperreux-sur-Marne";"102 rue du Pain, 94600, Choisy-le-Roy"
"lacus.Quisque@non.org";"32 rue Victor Hugo, 94700, Maison Alfort";
"Mauris.ut@suscipitnonummy.org";"45 rue du Général de Gaulle, 69001, Lyon";
"amet.nulla.Donec@magnaa.ca";"56 rue de la Paix, 75002, Paris";
"nec@loremtristiquealiquet.ca";"78 quais Blanqui,  31000, Toulouse";
"sem@nequetellusimperdiet.org";"12 rue de la Pompe, 13001, Marseille";
"pede.malesuada.vel@ultricies.ca";"78 rue Pierre-Louis Courrier, 35000, Rennes";"118 rue d'Oberkampf, 94700, Maison Alfort"
"sem@nequetellusimperdiet.org";"45 rue Voltaire, 69002, Lyon";
"mattis.Integer.eu@sedpede.co.uk";"59 rue Diderot, 75003, Paris";
"diam@purusmaurisa.co.uk";"86 rue de Marne,  31000, Toulouse";
"ac@ultrices.co.uk";"270 rue de Neptune, 31000, Toulouse";"78 rue Pierre-Louis Courrier, 35000, Rennes"
"sed.hendrerit@gravidanonsollicitudin.edu";"295 avenue de la République, 75009, Paris";
"litora.torquent@anteMaecenasmi.ca";"47 avenue de la Liberté, 31000, Toulouse";
"amet@Vivamusnibh.org";"8 avenue Daumesnil, 69003, Lyon";
"Nullam@adipiscingelit.com";"179 avenue de la Bastille, 75004, Paris";
"id.enim.Curabitur@cursusdiam.co.uk";"118 rue d'Oberkampf, 94700, Maison Alfort";
"Phasellus@cursus.com";"119 rue de Vaugirard, 75007, Paris";
"blandit.viverra@velitegestaslacinia.edu";"196 avenue du Montparnasse, 75006, Paris";
"pede.malesuada.vel@ultricies.ca";"68 rue Edgard-Quinet, 35000, Rennes";
"purus.gravida.sagittis@ligulaeu.com";"47 rue Mozart, 75005, 69004, Lyon";
"hendrerit.neque.In@nislelementum.ca";"20 rue du Ranelagh, 13003, Marseille";"196 avenue du Montparnasse, 75006, Paris"
"hendrerit.neque.In@nislelementum.ca";"8 rue Lecourbe, 75008, Paris";
"Lorem@Maecenas.edu";"30 avenue de la Villette, 31000, Toulouse";
"purus.gravida.sagittis@ligulaeu.com";"80 faubourg Saint-Honoré, 94700, Maison Alfort";"32 rue Victor Hugo, 94700, Maison Alfort"
"id.enim.Curabitur@cursusdiam.co.uk";"23 boulevard des Capucines, 75009, Paris";
"Lorem@Maecenas.edu";"11 rue de Rivoli, 75001, Paris";
"id.sapien.Cras@eu.edu";"47 rue de Courcelles, 35000, Rennes";
