Vin;Blanc
Vin;Rouge
Vin;Rosé
Vin;
Spiritueux;Rhum
Spiritueux;Whisky
Spiritueux;Gin
Spiritueux;Génépi
Spiritueux;Anisé
Spiritueux;Liqueur
Spiritueux;Cognac
Spiritueux;Boisson Spiritueuse
Vin;Ambré
Spiritueux;Chartreuse
Spiritueux;Vodka
Spiritueux;Absinthe
Spiritueux;Armagnac
Spiritueux;Porto
Spiritueux;Liqueurs arômatisées
Spiritueux;Whisky IGP
Vin;Orange
Spiritueux;Apéritif
Spiritueux;Mezcal
Spiritueux;Eaux de Vie
Spiritueux;Calvados
Spiritueux;Ratafia de Champagne
Spiritueux;Cachaça
Spiritueux;Tequila
Spiritueux;Saké
Spiritueux;Bas-Armagnac AOC
